Epoch,Train_Loss,Val_Loss,Val_Acc,Val_Recall,Val_F1
1,6.522036710179838,5.30429474512736,0.2916666666666667,0.0,0.0
2,3.925607871292229,3.1293606758117676,0.2916666666666667,0.0,0.0
3,2.033587644422861,1.6115622719128926,0.2916666666666667,0.0,0.0
4,1.1310395271258247,1.2061101297537486,0.2916666666666667,0.0,0.0
5,0.815408222769436,0.8866588771343231,0.5416666666666666,0.47058823529411764,0.5925925925925926
